dataset_id,original_filename,relative_path,extension,file_size_bytes,sha256,collagen_concentration_mg_ml,replicate_id,test_type_original,test_type_standard,metadata_source,filename_parsed
zenodo_17413651,Colageno_bov_0.8_1_frecuencia.xlsx,data\interim\zenodo_17413651_v1\Colageno_bov_0.8_1_frecuencia.xlsx,.xlsx,15099,3c43a2e1cef7ac3a19ef6d11176735dada0d930e082028b9fc03d6428d8b539f,0.8,1,frecuencia,frequency_sweep,filename_parsing,True
zenodo_17413651,Colageno_bov_0.8_1_tiempo.xlsx,data\interim\zenodo_17413651_v1\Colageno_bov_0.8_1_tiempo.xlsx,.xlsx,17216,8689cf266a2d659f986f3cf964ba1df377c5e840162057f8598e737c1cdd8ed6,0.8,1,tiempo,time_sweep,filename_parsing,True
zenodo_17413651,Colageno_bov_0.8_2_frecuencia.xlsx,data\interim\zenodo_17413651_v1\Colageno_bov_0.8_2_frecuencia.xlsx,.xlsx,15623,ff132026cb73ec602ba84ab843aa13eb5a60a116457b613b0bc8b7c98a3ab3c2,0.8,2,frecuencia,frequency_sweep,filename_parsing,True
zenodo_17413651,Colageno_bov_0.8_2_tiempo.xlsx,data\interim\zenodo_17413651_v1\Colageno_bov_0.8_2_tiempo.xlsx,.xlsx,17258,46f59209ca5c3c44df73d4f54a7415907268b70aa8020babed516a00f3c08438,0.8,2,tiempo,time_sweep,filename_parsing,True
zenodo_17413651,Colageno_bov_0.8_3_frecuencia.xlsx,data\interim\zenodo_17413651_v1\Colageno_bov_0.8_3_frecuencia.xlsx,.xlsx,9496,580a921913371cb41584a35174fb6e58a22dfce4090f83ae67b1a3b71516f46b,0.8,3,frecuencia,frequency_sweep,filename_parsing,True
zenodo_17413651,Colageno_bov_0.8_3_tiempo.xlsx,data\interim\zenodo_17413651_v1\Colageno_bov_0.8_3_tiempo.xlsx,.xlsx,17242,a266c19a070f2e37e94be7a2bf664639297928c371ceecdd171b955eb805972a,0.8,3,tiempo,time_sweep,filename_parsing,True
zenodo_17413651,Colageno_bov_0.8_4_frecuencia.xlsx,data\interim\zenodo_17413651_v1\Colageno_bov_0.8_4_frecuencia.xlsx,.xlsx,15645,675701eb9922d7bbbf919ed72be0a268f9f4e593c03fdf253b00e1e2faa0aab8,0.8,4,frecuencia,frequency_sweep,filename_parsing,True
zenodo_17413651,Colageno_bov_0.8_4_tiempo.xlsx,data\interim\zenodo_17413651_v1\Colageno_bov_0.8_4_tiempo.xlsx,.xlsx,17226,c183b717577c6e1af87ee3f8be61dc6855a5fae17e7b1296a39a6a01d57e929c,0.8,4,tiempo,time_sweep,filename_parsing,True
zenodo_17413651,Colageno_bov_1.5_1_frecuencia.xlsx,data\interim\zenodo_17413651_v1\Colageno_bov_1.5_1_frecuencia.xlsx,.xlsx,15627,b42f0eef272bac6156eb16dc46653c760cab076a26dd5cac05ebdafdb2a9e7ad,1.5,1,frecuencia,frequency_sweep,filename_parsing,True
zenodo_17413651,Colageno_bov_1.5_1_tiempo.xlsx,data\interim\zenodo_17413651_v1\Colageno_bov_1.5_1_tiempo.xlsx,.xlsx,17040,f2ae903418546bf3a107ef39dd7a4c61f22496b2269c2950df2b158dd6d663ea,1.5,1,tiempo,time_sweep,filename_parsing,True
zenodo_17413651,Colageno_bov_1.5_2_frecuencia.xlsx,data\interim\zenodo_17413651_v1\Colageno_bov_1.5_2_frecuencia.xlsx,.xlsx,15639,ebdbfc81466c26b2e09f23cd4491878c359aad26ca3f548cef2e111087beabd4,1.5,2,frecuencia,frequency_sweep,filename_parsing,True
zenodo_17413651,Colageno_bov_1.5_2_tiempo.xlsx,data\interim\zenodo_17413651_v1\Colageno_bov_1.5_2_tiempo.xlsx,.xlsx,16975,ea89ffc74a4654e294a4b87e42198e1b89efa845ecc06a65ef934270f55019a1,1.5,2,tiempo,time_sweep,filename_parsing,True
zenodo_17413651,Colageno_bov_1.5_3_frecuencia.xlsx,data\interim\zenodo_17413651_v1\Colageno_bov_1.5_3_frecuencia.xlsx,.xlsx,15618,b681418f90514892e1ee1bce2852e15676ded4abc5578538dc54a7ef9c8505ae,1.5,3,frecuencia,frequency_sweep,filename_parsing,True
zenodo_17413651,Colageno_bov_1.5_3_tiempo.xlsx,data\interim\zenodo_17413651_v1\Colageno_bov_1.5_3_tiempo.xlsx,.xlsx,16973,f2ca7882141c8439e6839e075b179a1c435d620111932024953938c5bfe72fbe,1.5,3,tiempo,time_sweep,filename_parsing,True
zenodo_17413651,Colageno_bov_2.3_1_frecuencia.xlsx,data\interim\zenodo_17413651_v1\Colageno_bov_2.3_1_frecuencia.xlsx,.xlsx,15627,dbc70b33f89f375163036aa0d4dfa1a6b0ce09706156aee44027d084dc14473b,2.3,1,frecuencia,frequency_sweep,filename_parsing,True
zenodo_17413651,Colageno_bov_2.3_1_tiempo.xlsx,data\interim\zenodo_17413651_v1\Colageno_bov_2.3_1_tiempo.xlsx,.xlsx,17087,a0bf0e7c058becf1d23daaf23628818b0fb4a550872f4321a64f9300b90c1803,2.3,1,tiempo,time_sweep,filename_parsing,True
zenodo_17413651,Colageno_bov_2.3_2_frecuencia.xlsx,data\interim\zenodo_17413651_v1\Colageno_bov_2.3_2_frecuencia.xlsx,.xlsx,15625,82eb3d072a3f7e55df8c11ae8c05d0d47343086eb4abaf77c1c5b9bc76275a07,2.3,2,frecuencia,frequency_sweep,filename_parsing,True
zenodo_17413651,Colageno_bov_2.3_2_tiempo.xlsx,data\interim\zenodo_17413651_v1\Colageno_bov_2.3_2_tiempo.xlsx,.xlsx,17044,53aeb87c81d72e1764f3ef59096a30e677328376f09f8fc61a2fcf47d5c686f5,2.3,2,tiempo,time_sweep,filename_parsing,True
zenodo_17413651,Colageno_bov_2.3_3_frecuencia.xlsx,data\interim\zenodo_17413651_v1\Colageno_bov_2.3_3_frecuencia.xlsx,.xlsx,15615,255889d3dec5c8fcc98bdc373189efb52b01eae9729930913dc3684a0847eb86,2.3,3,frecuencia,frequency_sweep,filename_parsing,True
zenodo_17413651,Colageno_bov_2.3_3_tiempo.xlsx,data\interim\zenodo_17413651_v1\Colageno_bov_2.3_3_tiempo.xlsx,.xlsx,17041,c578c24c1e41cc33426fa98c2647cc73664a18892f440b6d4ab6b97c05c4a069,2.3,3,tiempo,time_sweep,filename_parsing,True
